hour,Historical Average,Random Forest,XGBoost,LSTM,GRU,Hybrid LSTM-XGBoost
0,10.55008602142334,8.376646041870117,8.45256233215332,10.308987617492676,9.78009033203125,8.400754928588867
1,9.605332374572754,6.413042068481445,6.520784378051758,7.062869071960449,7.032322406768799,6.501237869262695
2,8.79550838470459,6.3362274169921875,6.4274067878723145,6.954189300537109,7.052045822143555,6.390124320983887
3,8.860305786132812,7.381147384643555,7.453429222106934,8.075820922851562,8.125296592712402,7.359656810760498
4,13.275689125061035,12.342798233032227,12.119325637817383,14.860652923583984,14.61650276184082,12.000472068786621
5,20.492568969726562,19.760879516601562,19.537376403808594,22.17584991455078,22.104877471923828,19.311840057373047
6,26.871614456176758,24.847625732421875,24.288827896118164,27.982566833496094,28.0355167388916,24.090579986572266
7,31.216049194335938,26.74062728881836,26.354846954345703,29.012432098388672,29.038982391357422,26.131973266601562
8,31.597139358520508,25.369482040405273,24.74420928955078,27.72327995300293,27.737102508544922,24.7070255279541
9,30.516443252563477,25.661088943481445,24.371543884277344,27.10015296936035,27.139820098876953,24.301137924194336
10,29.600215911865234,24.025882720947266,22.975990295410156,25.01839256286621,25.082874298095703,22.88746452331543
11,28.57764434814453,22.833730697631836,22.156648635864258,23.477527618408203,23.542116165161133,22.093868255615234
12,28.393339157104492,22.909053802490234,22.479291915893555,24.029693603515625,24.192899703979492,22.357715606689453
13,30.212575912475586,25.503652572631836,24.88035011291504,26.925621032714844,27.087833404541016,24.7713623046875
14,32.143001556396484,29.752405166625977,28.355491638183594,31.274059295654297,31.31273651123047,28.32162857055664
15,33.182647705078125,27.760231018066406,27.5628662109375,29.279678344726562,29.3148136138916,27.433462142944336
16,33.57197189331055,26.289976119995117,26.02726936340332,27.67664337158203,27.816177368164062,25.980453491210938
17,34.17517852783203,26.195846557617188,26.157014846801758,27.664051055908203,27.772132873535156,26.06504249572754
18,32.33380889892578,25.497173309326172,25.586252212524414,26.916833877563477,26.87398910522461,25.596254348754883
19,29.13365936279297,24.24131965637207,24.250452041625977,27.484813690185547,27.048913955688477,24.08780860900879
20,22.871566772460938,18.551530838012695,18.35355567932129,20.436508178710938,20.23778533935547,18.3468017578125
21,20.030078887939453,16.499244689941406,15.958736419677734,18.35349464416504,18.25423812866211,15.931371688842773
22,16.964685440063477,14.501113891601562,14.223310470581055,17.225549697875977,16.73168182373047,14.206111907958984
23,13.220269203186035,11.233467102050781,11.206640243530273,13.625426292419434,13.058208465576172,11.145013809204102
