Model,Regime,Samples,Share (%),MAE,RMSE,Mean error (bias)
Historical Average,low,170291,22.23349405486989,8.823654174804688,18.663190841674805,1.789759874343872
Historical Average,normal,381075,49.75382578621033,21.918292999267578,35.5804557800293,-4.238797187805176
Historical Average,high,125436,16.37714594586126,36.169593811035156,48.974369049072266,-15.714001655578613
Historical Average,peak,89119,11.635534213058527,48.80437469482422,63.82510757446289,-36.58959197998047
Historical Average,sudden_change,41366,5.400818100039038,63.06089401245117,81.55287170410156,-8.856800079345703
Random Forest,low,170291,22.23349405486989,7.268404006958008,14.012933731079102,2.8391528129577637
Random Forest,normal,381075,49.75382578621033,18.666439056396484,28.843008041381836,3.9533393383026123
Random Forest,high,125436,16.37714594586126,29.555570602416992,40.43880844116211,-1.0141645669937134
Random Forest,peak,89119,11.635534213058527,39.58250427246094,52.99749755859375,-22.464033126831055
Random Forest,sudden_change,41366,5.400818100039038,82.85640716552734,95.10052490234375,1.3388733863830566
XGBoost,low,170291,22.23349405486989,7.330277442932129,14.025144577026367,2.7296695709228516
XGBoost,normal,381075,49.75382578621033,18.392620086669922,28.455345153808594,3.684318780899048
XGBoost,high,125436,16.37714594586126,28.82405662536621,39.63380813598633,-0.9318914413452148
XGBoost,peak,89119,11.635534213058527,38.481380462646484,51.63233947753906,-21.046030044555664
XGBoost,sudden_change,41366,5.400818100039038,79.8692398071289,92.67343139648438,2.3128557205200195
LSTM,low,170291,22.23349405486989,8.436455726623535,15.147394180297852,3.6677005290985107
LSTM,normal,381075,49.75382578621033,20.748876571655273,30.869579315185547,4.471969127655029
LSTM,high,125436,16.37714594586126,31.69037437438965,42.73057174682617,-1.002403974533081
LSTM,peak,89119,11.635534213058527,40.46445846557617,54.033348083496094,-22.168397903442383
LSTM,sudden_change,41366,5.400818100039038,87.87834167480469,99.24917602539062,1.2803499698638916
GRU,low,170291,22.23349405486989,8.178862571716309,14.847880363464355,3.3059957027435303
GRU,normal,381075,49.75382578621033,20.621074676513672,30.631052017211914,3.198493003845215
GRU,high,125436,16.37714594586126,32.02058410644531,43.189701080322266,-2.061537981033325
GRU,peak,89119,11.635534213058527,40.46254348754883,54.088314056396484,-20.174041748046875
GRU,sudden_change,41366,5.400818100039038,87.93636322021484,99.34397888183594,1.061240315437317
Hybrid LSTM-XGBoost,low,170291,22.23349405486989,7.287640571594238,13.98619270324707,2.716172218322754
Hybrid LSTM-XGBoost,normal,381075,49.75382578621033,18.331172943115234,28.350772857666016,3.6446728706359863
Hybrid LSTM-XGBoost,high,125436,16.37714594586126,28.693803787231445,39.46268844604492,-0.8160417079925537
Hybrid LSTM-XGBoost,peak,89119,11.635534213058527,38.27973937988281,51.386268615722656,-20.927387237548828
Hybrid LSTM-XGBoost,sudden_change,41366,5.400818100039038,79.50072479248047,92.29739379882812,2.504689931869507
