feature,random_forest_impurity,xgboost_gain_share
lag_12,0.002381645886230445,0.0009780850861068338
lag_11,0.0010723668753885739,0.00034680088758126383
lag_10,0.0010806084497452522,0.00035182571287668927
lag_9,0.0011028086773308043,0.00037623949889964653
lag_8,0.001112103354306714,0.00034531994515565846
lag_7,0.001144913658093384,0.0003472115103939814
lag_6,0.001272181398148028,0.0008351380424678294
lag_5,0.0014802559871258027,0.001994954192801534
lag_4,0.0018134026880058346,0.005623590612049822
lag_3,0.0010330202674259704,0.0004012995323530037
lag_2,0.000864535797412316,0.07490400002045326
lag_1,0.0023896326763267178,0.11513084897961749
rolling_mean_60m,0.0015875351951714141,0.004843867882736394
rolling_std_60m,0.0018992887899619275,0.0007692258089837014
recent_mean_15m,0.9699145605871115,0.7870555776011998
recent_std_15m,0.0012242589954895888,0.0004737444062330331
last_change,0.0008690524609829065,0.0012907136012452693
hour_of_day,0.007091044483868648,0.002914765766160403
day_of_week,0.0006667837718742003,0.0010167909126844075
