Model,Top-1% error threshold,Regime,Share of all test samples (%),Share of top-1% errors (%)
Historical Average,147.3330078125,low,22.23349405486989,6.091039520020869
Historical Average,147.3330078125,normal,49.75382578621033,41.17647058823529
Historical Average,147.3330078125,high,16.37714594586126,16.134081126907525
Historical Average,147.3330078125,peak,11.635534213058527,36.59840876483631
Historical Average,147.3330078125,sudden_change,5.400818100039038,37.00273901134734
Random Forest,120.37258911132812,low,22.23349405486989,2.93733681462141
Random Forest,120.37258911132812,normal,49.75382578621033,35.87467362924282
Random Forest,120.37258911132812,high,16.37714594586126,20.613577023498696
Random Forest,120.37258911132812,peak,11.635534213058527,40.574412532637076
Random Forest,120.37258911132812,sudden_change,5.400818100039038,90.11749347258485
XGBoost,118.33320617675781,low,22.23349405486989,2.93733681462141
XGBoost,118.33320617675781,normal,49.75382578621033,37.21932114882506
XGBoost,118.33320617675781,high,16.37714594586126,20.91383812010444
XGBoost,118.33320617675781,peak,11.635534213058527,38.929503916449086
XGBoost,118.33320617675781,sudden_change,5.400818100039038,89.06005221932115
LSTM,123.7876205444336,low,22.23349405486989,2.9765013054830285
LSTM,123.7876205444336,normal,49.75382578621033,36.30548302872062
LSTM,123.7876205444336,high,16.37714594586126,21.93211488250653
LSTM,123.7876205444336,peak,11.635534213058527,38.78590078328982
LSTM,123.7876205444336,sudden_change,5.400818100039038,91.63185378590079
GRU,123.75080871582031,low,22.23349405486989,2.8851174934725847
GRU,123.75080871582031,normal,49.75382578621033,35.18276762402089
GRU,123.75080871582031,high,16.37714594586126,22.950391644908617
GRU,123.75080871582031,peak,11.635534213058527,38.98172323759791
GRU,123.75080871582031,sudden_change,5.400818100039038,91.90600522193212
Hybrid LSTM-XGBoost,117.84638977050781,low,22.23349405486989,3.1201044386422976
Hybrid LSTM-XGBoost,117.84638977050781,normal,49.75382578621033,36.82767624020888
Hybrid LSTM-XGBoost,117.84638977050781,high,16.37714594586126,21.057441253263708
Hybrid LSTM-XGBoost,117.84638977050781,peak,11.635534213058527,38.994778067885115
Hybrid LSTM-XGBoost,117.84638977050781,sudden_change,5.400818100039038,89.02088772845953
